stamp_id,file_location,image_description
p0_4603_0,img/p0_4603_0.jpg,"This image features a vibrant and detailed illustration of a butterfly, likely intended for use on a postage stamp given the presence of a numerical value ""65"" in the bottom right corner. The butterfly has striking black wings with a complex pattern of red and white spots and orange tips. The body of the butterfly is slender and black, and the antennae are depicted as fine, delicate lines protruding from the top of the head. The background of the stamp is plain white, which accentuates the vivid colors and detailed patterns of the butterfly's wings. The number ""65"" might indicate the stamp's value or possibly a part of a series or collection."
p0_4607_2,img/p0_4607_2.jpg,"The image features a vertical series of five different stamps, each depicting a distinct breed of dog engaged in various activities, with each stamp displaying a value of ""65"" though the currency is not specified.

1. **Top Stamp**: Shows a black dog, which appears to be a Doberman Pinscher, guided by a person whose lower body is visible. The background is a muted blend of peach and light blue tones. 

2. **Second Stamp**: Displays a yellow-colored Labrador Retriever, seemingly fetching or playing with a ball in a field. The background is a blend of warm earthy tones.

3. **Third Stamp**: Features a reddish-brown and white Cavalier King Charles Spaniel. The dog is in a relaxed pose lying down with paws forward, looking playful and attentive.

4. **Fourth Stamp**: Captures two dogs, one is an orange and white colored dog resembling a Brittany Spaniel, and the other appears to be a white and grey fluffy dog, possibly a Maltese or Shih Tzu. They seem to be in an indoor setting with soft, diffused colors all around.

5. **Bottom Stamp**: Shows a German Shepherd in a vibrant green and purple setting, with a focus that suggests an attentive or working demeanor. The dog is amidst what looks like grass and wildflowers, enhanced by a richly colored background giving a lively feel.

Each stamp is framed with a thin white border and is adorned with a value indication at the bottom left corner. The collective appeal of these stamps suggests a theme centered around the beauty and diversity of dog breeds, possibly intended for collectors or for mailing purposes in a region where dog culture is celebrated."
p0_4608-12_1,img/p0_4608-12_1.jpg,"This image features a strip of five postage stamps, each depicting different species of birds of prey. From left to right, the stamps include:

1. Northern Goshawk - Illustrated in great detail, showing the head of the bird with its sharp eyes and beak, and a patterned grey-white plumage.
2. Peregrine Falcon - This stamp shows the falcon in a dynamic pose with its mouth slightly open, highlighting its speckled chest and intense gaze.
3. Golden Eagle - Shown mid-call with its beak wide open, this stamp captures the majestic and powerful golden brown features of the eagle.
4. Osprey - Illustrated with an intense look on its face, detailed plumage around the eyes textured with brown and white, and beak slightly open.
5. Red-tailed Hawk - Displaying the distinctively rich brown and creamy feathers, focused eyes and sharp beak characteristic of this bird species.

Each stamp is marked with a price of 85 units (possibly cents), and beside some birds, their names are included along with the name ""Groenland"" likely indicating Greenland as the issuing region or theme. This collection vividly showcases various significant raptors, emphasizing their distinctive facial features and expressions."
p0_4618_3,img/p0_4618_3.jpg,"This image features a postage stamp that showcases a bonsai tree. The bonsai is depicted in full lush greenery, with thick foliage and a twisted, gnarled trunk that leans heavily to the right, giving it a dramatic, sculpted appearance. It is planted in a simple, shallow brown pot that complements its aesthetic. The background of the stamp is plain, emphasizing the tree itself. On the top left, the word ""BONSAI"" is written in large, bold letters, alongside ""USA FOREVER"" indicating the value and origin of the stamp. On the right side, there is a vertical red postage seal or stamp mark, adding an accent of color and authenticity to the design. The entire scene captures the art and tradition of bonsai cultivation in a minimalistic yet detailed representation."
p0_4619_4,img/p0_4619_4.jpg,"The image is of a postage stamp featuring a bonsai tree. The stamp has a white background, and the primary focus is a beautifully detailed image of a lush, green bonsai tree centered on the stamp. The tree has a thick, textured trunk with a profusion of vibrant green leaves. The bonsai is planted in a shallow, rectangular brown pot.

To the right of the stamp, there's a vertical red text that reads ""BONSAI,"" and below it in smaller black text, ""PINUS THUN."" which may indicate the type of bonsai tree depicted, likely a type of pine. At the top left corner, the text ""USA FOREVER"" is printed, signifying that the stamp is a USA Forever stamp, typically used for mailing purposes and implying that the value of the stamp is enough to send a standard piece of mail indefinitely.

Overall, the design of the stamp emphasizes the art and beauty of bonsai cultivation and is likely intended for collectors and those who appreciate nature and botanical illustrations."
p0_4620_5,img/p0_4620_5.jpg,"This image depicts a beautifully detailed illustration of a bonsai tree. This tree is placed in a large blue-green ceramic pot, which is situated on a dark wooden stand with an ornate design. The plant features lush green foliage and a thick, twisted trunk, showing characteristics of age and meticulous care typical of bonsai trees. The background is simple, lightly colored in a wash of colors that suggest a serene, uncluttered space. To the top left of the image, there appears to be text, possibly indicating the type of bonsai or related information, alongside a vertical red seal stamp, commonly used in East Asian cultures to signify authenticity or artistic identity."
p0_4621_6,img/p0_4621_6.jpg,"The image features a postage stamp depicting a lush bonsai tree. The tree has a full, bushy crown with dense foliage in vibrant shades of gold and orange, suggestive of autumn. Its trunk is curved and gnarled, implying age and careful cultivation typically characteristic of bonsai trees. The tree sits in a flat, rectangular, light-colored bonsai pot.

The background of the stamp is white, enhancing the vivid colors of the bonsai. In the top left corner of the stamp, it says ""USA"" followed by ""FOREVER,"" indicating that this is a Forever stamp from the United States Postal Service, used for mailing within the United States indefinitely, regardless of any future price changes. In the bottom left corner, the stamp features the word ""BONSAI"" in an elegant, italicized, serif font, which specifies the subject of the stamp. On the right edge vertically, there’s a red bar with a white design or text (possibly a logo or a series mark), which is a common feature in thematic stamp collections.

The overall design is clean and focused, primarily emphasizing the beauty of the bonsai tree."
p0_4622_7,img/p0_4622_7.jpg,"This image features an artistic depiction of a bonsai tree. The bonsai has a thick, textured trunk that bifurcates into several branches. It is styled in a typical bonsai manner with a carefully manicured structure to emphasize aesthetic appeal. The leaves are small and are shaded in tones of pink and green, suggesting they could be cherry blossoms or another flowering plant.

The tree is planted in a shallow, decorative bonsai pot which adds to its ornate appearance. On the left side of the image, there appears to be a red stamp with Asian characters, possibly denoting the artist or symbolizing authenticity. The background of the image is softly textured in whites and grays, giving the illustration a calm, serene feeling.

Beneath the illustration, the word ""BONSAI"" is written in all caps, emphasizing the subject of the art. The overall style of the image combines natural beauty with artistic presentation, often associated with traditional Eastern art."
p0_4623_8,img/p0_4623_8.jpg,"This image features a vibrant and colorful depiction of a dragon, stylized in a manner that suggests it might be used in traditional dances or parades, such as those seen in Chinese culture during celebrations like Chinese New Year. The dragon has an intricate design, with scales in multiple colors like red, yellow, green, and blue, creating a lively and festive appearance. It has large, expressive eyes and a mouth that is open, showing its teeth, adding to its dramatic expression.

The background of the image is a soft, light blue with hints of white that resemble clouds or mist, which enhances the mythical and majestic aura of the dragon. The edges of the image are serrated, resembling a postage stamp, which may indicate that this image is designed to look like a collectible stamp. The use of bright colors and dynamic movement in the dragon's pose suggests excitement and celebration."
p0_4624_10,img/p0_4624_10.jpg,"This image is a commemorative postage stamp from the United States Postal Service's ""Black Heritage"" series. It features a portrait of John H. Johnson, an influential American businessman and publisher. Johnson, depicted here with a subtle smile, is dressed in a dark suit with a red tie. The background of the stamp is beige, providing a warm contrast to his attire and complexion.

At the top of the stamp, the text reads ""BLACK HERITAGE"" in bold, capitalized white letters. Below the portrait, the name ""John H. Johnson"" is printed in black, with his initials enlarged for emphasis. The design of the stamp is elegant and simple, aimed at honoring Johnson’s significant contributions to American media and culture."
p0_4625_13,img/p0_4625_13.jpg,"This image features a creatively designed card titled ""Heart Health"". The card displays an abstract, stylized figure appearing to dance or move energetically. The figure is colored in deep green with hints of black outlining, and has a prominent bright red heart in the center of its chest, emphasizing the theme of heart health.

Their head is replaced by a simple spiral design painted in blue and white, suggesting movement or mental focus. To the left of the figure, there is a vertical, elongated illustration of a green plant or vine, which adds an element of nature and growth.

The background consists of a warm yellow color that gradients into orange towards the bottom, providing a vibrant, lively backdrop that contrasts with the cool tones of the figure’s head spiral and complements the green of its body. At the bottom left, there is a realistic red apple, further underscoring the health theme. The word ""JOUER"" is printed in the lower right corner, possibly indicating the name of the artist or brand associated with the card. The borders of the card are irregular, with a postage stamp-like perforation, suggesting it may be part of a larger set or collection related to health and wellness themes."
p0_4626_9,img/p0_4626_9.jpg,"This image depicts a postage stamp from the USA, focused on the theme of ""Love."" The stamp features a bright red background with the word ""Love"" prominently displayed in a large, flowing, cursive white script that dominates the center of the design. Beneath the word ""Love,"" in smaller white capital letters, reads ""USA"". On the top left corner, the denomination of the stamp is indicated as ""Forever,"" meaning it can be used indefinitely to mail a one-ounce letter regardless of when the stamp is purchased or used relative to price changes in postage. The design is vibrant and designed to convey a romantic or affectionate sentiment, commonly used for Valentine's Day mailings and other heartfelt correspondence."
p0_4627_11,img/p0_4627_11.jpg,"This image features a stylized postage stamp design commemorating Arizona from 1912 to 2012. The stamp reads ""USA"" and ""Forever"" along the top, indicating its value as a Forever stamp in the United States. In large letters, the text ""Arizona 1912-2012"" stretches across the bottom, marking the centennial anniversary of Arizona's statehood.

The central artwork depicts a vibrant and colorful landscape typical of Arizona, likely representing the iconic red rock formations found in areas such as Sedona or Monument Valley. These formations are rendered in a range of red, orange, and purple hues, with shadows in green and blue adding depth and contrast. The sky in the background transitions from green at the horizon to blue at the top, enhancing the vivid and almost surreal quality of the image.

The overall style of the image, with its blocky coloration and dramatic shading, gives it a slightly abstract or cubist appearance, which adds a modern twist to the natural beauty of Arizona’s landscapes. This artistic representation celebrates not only the state’s scenic vistas but also its hundred years of statehood."
p0_4628_12,img/p0_4628_12.jpg,"The image is a U.S. postage stamp featuring an illustration of Danny Thomas, an American actor and comedian. The stamp has a face value of ""FOREVER"" and is labeled with ""USA"" and the denomination as part of the design.

The image of Danny Thomas is a portrait set against a deep night-sky-like blue background that fades into a city skyline at the bottom. The skyline is glowing with light, giving a vibrant urban feel. Danny Thomas is shown wearing a tuxedo with a bow tie, suggesting a formal setting. He appears to be smiling warmly, which adds a friendly and approachable aspect to his representation.

The stamp is rectangular with a white border, and the text ""Danny Thomas"" is written in white font in the lower left region, emphasizing the subject. There is no other text, ensuring the focus remains on the depicted individual and the pictorial elements. This stamp honors Danny Thomas, presumably for his contributions to entertainment and/or philanthropy, given his well-known involvement in founding St. Jude Children's Research Hospital."
p0_4629-32_14,img/p0_4629-32_14.jpg,"The image displays a series of four stamps, each adorned with an American flag waving against a plain white background. Above each flag, in blue text, the initials ""USA"" are printed. Below each flag, values important to American ideology are highlighted, each followed by the word ""Forever"". These values, appearing beneath the respective flags, are ""Equality"", ""Justice"", ""Freedom"", and ""Liberty"". Each value's corresponding stamp is practically identical in terms of design and style, emphasizing the linked themes of national identity and patriotic values. The overall color scheme uses the traditional red, white, and blue seen in the American flag."
p0_4633-36_15,img/p0_4633-36_15.jpg,"The image displays a series of four stamps. Each stamp bears a similar design, featuring the United States flag waving on the right side with a blue square in the upper left that includes white stars. On the left side of the flag, against a white background, are the words ""USA"" in blue uppercase letters at the top. 

Below this, each stamp has a different word followed by ""FOREVER"" in uppercase red letters. The words, also in red, represent foundational concepts associated with American ideals: ""Equality,"" ""Justice,"" ""Freedom,"" and ""Liberty."" Each word with ""FOREVER"" forms a phrase that suggests the perpetual nature of these values in the U.S.A.

The overall layout and design of the stamps are clean and straightforward, clearly intended to convey strong patriotic and democratic values through both the imagery of the flag and the significance of the words."
p0_4637-40_16,img/p0_4637-40_16.jpg,"The image displays a set of four U.S. postage stamps, laid out horizontally. Each stamp features an image of the American flag, the Stars and Stripes, waving dynamically. Above the flag on each stamp, the words ""USA FOREVER"" are printed in all caps.

Each stamp has a different word beneath the flag, also depicted in bold and uppercase letters. These words are, from left to right, ""EQUALITY"", ""JUSTICE"", ""FREEDOM"", and ""LIBERTY"". Below these words, the term ""FOREVER"" is repeated on each stamp, emphasizing the perpetual validity of the stamp's postage value.

The stamps convey strong values associated with the American ethos, representing fundamental principles of the nation. The design is simple yet effective, with clear and impactful typography paired with the iconic imagery of the waving American flag. The stamps are bordered by a simple white frame, which keeps the focus on the content and symbolism of each stamp."
p0_4641_17,img/p0_4641_17.jpg,"The image depicts a United States postage stamp. The main visual is an American flag, waving, and rendered with a realistic texture that suggests movement. The flag consists of the traditional red and white stripes and a blue canton with white stars.

Below the flag, the word ""Freedom"" is written in a bold, serif typeface, making a strong visual impact. The word ""Forever"" is placed below ""Freedom,"" also in a bold serif font, but slightly smaller in size. These words likely signify the theme of the stamp - the concept of ""freedom forever.""

On the lower right corner of the stamp, there is a letter ""E,"" possibly indicating the class or type of the stamp. Below the flag, on the left side, the text ""USA"" appears, indicating that this is an American stamp. The design uses a textured background that resembles a fabric or watercolor paper, adding depth to the image. The overall design suggests themes of patriotism and national pride, appropriate for a stamp that might be used for various postal purposes."
p0_4642_18,img/p0_4642_18.jpg,"The image shows a United States postage stamp. The stamp features an illustration of the American flag, prominently displayed, waving, with its traditional design of red and white stripes and a blue field with white stars. Below the flag, the word ""Liberty"" is written in large, bold serif font, followed by the word ""FOREVER"" in a smaller, sans-serif font. To the bottom right of the 'Liberty' text, there is the price denomination of the stamp represented by the word ""USA"" and an adjoining ""FOREVER,"" indicating that the stamp can be used to mail a one-ounce letter anytime in the future, regardless of when the stamp was purchased or any price changes in postage. The background of the stamp is white, with a subtle grid-like texture possibly meant to resemble fabric or high-quality paper."
p0_4643_19,img/p0_4643_19.jpg,"This image features a graphic design centered around the theme of ""Equality Forever."" At the top, there is a depiction of the United States flag, rendered with a wavy effect to give the impression of it fluttering in the breeze. The flag appears in its traditional colors of red, white, and blue with stars and stripes.

Below the flag, in bold, elegant typography, the word ""Equality"" is prominently displayed. The font is stylized with a serif typeface, which adds a formal and authoritative feel to the message. Beneath the word ""Equality,"" the word ""Forever"" follows in a smaller size but maintains the same font style.

Additionally, in the upper right corner of the image, there is a label that reads ""USA,"" indicating the country associated with the imagery and the theme of the message. The overall design is compact, patriotic, and evocative, emphasizing the perpetual commitment to equality within the context of the United States."
p0_4644_20,img/p0_4644_20.jpg,"The image features a design that includes the American flag at the top, with its characteristic stars and stripes rendered in red, white, and blue. Below the flag, the word ""USA"" is printed in uppercase letters. Centered beneath this are the words ""Justice Forever"" in a stylized script font, suggesting a theme of enduring justice in the United States. The entire design conveys a patriotic theme and emphasizes the concept of justice. The overall presentation is simple and forthright, focusing on these key themes."
p0_4645_21,img/p0_4645_21.jpg,"This image features a stylized depiction of the American flag waving in the air. The flag consists of the classic design of 13 alternating red and white horizontal stripes and a blue field in the upper left corner, sprinkled with white stars representing the 50 states. Below the flag, there is text in a serif font that reads ""Freedom Forever"" in a deep blue color, emphasizing a patriotic message. Additionally, there's a small ""USA"" in the upper right corner above the flag. The inclusion of these elements along with the flag itself strongly suggests a theme of American patriotism and values. The overall image seems to possibly be a design for a postage stamp or a similar symbolic item, given its structure and style."
p0_4646_22,img/p0_4646_22.jpg,"The image depicts a United States postage stamp. At the top of the stamp, there is a representation of the American flag waving, which consists of the traditional layout of 50 white stars arranged on a blue square (the canton) and 13 red and white stripes. Below the flag, the word ""Liberty"" is written in a large, serif font, followed by the word ""Forever"" underneath in a smaller font size. To the left of the word ""Liberty,"" the letters ""USA"" appear in bold, and to the right is the denomination of the stamp, represented by a capital ""F"" with a diagonal line crossing it, signifying that the stamp is for ""Forever"" usage, meaning it can be used to mail a one-ounce letter despite any future changes in postage rates. The design elements are placed over a textured off-white background that gives the graphic a somewhat tactile appearance, enhancing its visual appeal for philatelic purposes."
p0_4647_23,img/p0_4647_23.jpg,"The image depicts a U.S. postage stamp. It features a wavy American flag, prominently displayed at the top, with its classic red, white, and blue colors and stars and stripes. Below the flag, the word ""Equality"" is written in a large, bold, serif font centered on the stamp. Beneath ""Equality,"" the word ""Forever"" appears in a smaller, serif font. Above the flag, in a very small font, is the caption ""USA."" The stamp suggests a denomination of ""Forever,"" indicating that it can be used indefinitely to mail a 1-ounce letter despite any future postage rate increases. The theme of the stamp emphasizes the concept of equality in the United States, symbolized both through the text and the flag, representing the country's values."
p0_4648_24,img/p0_4648_24.jpg,"The image displays a postage stamp, with the upper part featuring an American flag fluttering to the left. The flag is depicted in its traditional colors of red, white, and blue, with white stars arranged in rows on a blue field and alternating red and white stripes. Below the flag, in elegant script, is the phrase ""Justice Forever."" The top right corner of the stamp has ""USA"" printed in bold, alongside a denomination of ""Forever,"" indicating that it is a Forever stamp, which can be used to mail a one-ounce letter despite any future increases in postage rates. The design suggests themes of patriotism and the enduring nature of justice in the United States."
p0_4649_25,img/p0_4649_25.jpg,"The image you provided shows a colorful representation of the Sunshine Skyway Bridge on a postage stamp labeled ""USA 5¢"". This artistic depiction features a vibrant and dramatic sky with hues of orange, yellow, blue, and hints of green, possibly indicating either sunrise or sunset. The bridge itself extends across the image, leading towards a vanishing point on the horizon, curving slightly to the left. The scene captures calm waters under the bridge, reflecting some of the sky's colors.

The bridge is depicted with strong, clean lines, and its tall support pillars rise prominently against the sky. On the bottom of the stamp, the text ""Sunshine Skyway Bridge"" is clearly printed, identifying the landmark. The entire image is enclosed within a decorative border, giving it a framed appearance, which is typical for postage stamp designs."
p0_4650_26,img/p0_4650_26.jpg,"This image appears to be an illustration of a postage stamp showing the Carmel Mission in California, valued at 18 cents (USA 18¢). The stamp features a vibrant and colorful portrayal of the mission, with its notable Spanish colonial architecture. The central part of the illustration highlights the mission's facade, which includes two bell towers and a large central door flanked by smaller entryways.

The color palette consists of warm tones; gold, red, and hints of green from the foliage surrounding the building, set against a bright blue sky. The image is framed with a thick black border, and the bottom of the stamp includes text reading ""Carmel Mission."" This drawing style gives a picturesque and somewhat romanticized depiction of this historic site."
p0_4651-52_27,img/p0_4651-52_27.jpg,"This image is a vibrant and picturesque stamp design that depicts a famous scene of Washington D.C. during the cherry blossom season. It features the iconic landmarks of the Washington Monument and the Jefferson Memorial viewed across the Tidal Basin, which is depicted in the center with a reflection of the Washington Monument in the water.

The frame is enveloped in pink cherry blossoms, suggesting the peak bloom period, which adds a lush, colorful ambiance to the scene. To the left, there are family members enjoying the view: an adult and two children who appear engaged in viewing the blossoms or taking photographs. On the right, there is a couple walking along the water's edge, contributing to the serene and touristic feel of the scene.

The sky above the monuments is clear and blue, adding to the calm and scenic imagery typical of a postcard or a commemorative stamp. The words ""USA"" and ""FOREVER"" appear at the top of the stamp, indicating the stamp's value as equivalent to the forever postage rate for domestic mail in the United States. The overall aesthetic is picturesque and designed to evoke the beauty and appeal of Washington D.C. during the cherry blossom season."
p1_1862_37,img/p1_1862_37.jpg,"This image appears to be the rear cover of a book entitled ""1862."" There are several key elements in the design:

1. **Background and Layout**: The background color is a gradient of light green hues, providing a vibrant yet soft backdrop. The layout includes multiple labeled images of paintings, a main text block, and additional information along the borders.

2. **Images**: The cover art includes eight small thumbnails of artwork along the left and bottom edges which depict various historical scenes, likely related to the book's contents. These paintings range from battle scenes to group discussions, all set in an outdoor environment consistent with the 1860s theme.

3. **Main Text Section**: The central section of the cover is text-heavy, featuring a title in bold at the top with the year ""1862"" prominently displayed. There is also an extensive descriptive text under the heading, formatted in a smaller, dense paragraph style, which suggests it's a synopsis or a brief history relevant to the year 1862.

4. **Additional Elements**:
   - On the top right, there's an emblem with what seems like a seal or a logo and possibly a price tag, indicating the book's branding and retail information.
   - On the bottom right, there is a barcode, which typically features product identification codes used in retail.

The overall design suggests that the book might be about historical events of the year 1862, possibly focusing on the American Civil War given the imagery and the military themes of the paintings. The choice of colors and the antiqued painting style give it an educational and historical look, appealing to readers interested in history and art."
p1_4653_29,img/p1_4653_29.jpg,"The image is an artwork depicting a vibrant bouquet of flowers arranged in a round black vase resting on a small white table. The flowers display a varied and rich palette of colors including red, yellow, blue, white, and green, giving the composition a lively and cheerful appearance. These blossoms are rendered in a somewhat abstract style, marked by broad, expressive brush strokes that add a dynamic quality to the scene.

The background is subdued, featuring a roughly textured white surface, which helps bring the vivid colors of the flowers and vase to the foreground. Surrounding the main image are borders resembling the pages of a book or a print, with a ragged edge on the left side that adds an informal, artistic feel to the presentation.

The bottom of the image contains text, though it is partially cropped, it reads ""Willem de Kooning,"" suggesting that this image may either be a work by the artist or inspired by his style. The text adds an informative or attributive layer to the piece, anchoring it within an art historical context."
p1_4654-63_28,img/p1_4654-63_28.jpg,"The image displays a series of ten postage stamps, arranged in two rows of five. Each stamp features a portrait of a notable literary figure, each accompanied by a last name labeled below the image. The names on these stamps, from left to right and top to bottom, are:

Top Row:
- Brodsky
- Brooks
- Williams
- Hayden
- Plath

Bottom Row:
- Bishop
- Stevens
- Levertov
- Cummings
- Roethke

The stamps are diverse in color and design, each having a unique background color and styled text for the names. The color palette varies from beige, green, purple, blue, to red tones. The images of the individuals vary from close-up faces to upper torso shots, with each person demonstrating a different expression and appear to be in varied styles, suggestive of different eras or epochs, bearing distinctive attire and accessories, indicative of their personal styles or the fashion of their times. The stamps are marked with the price of ""USA FIRST CLASS.""

These stamps likely represent a commemorative issue celebrating these poets and their contributions to literature."
p1_4664_35,img/p1_4664_35.jpg,"This image is a colorful postage stamp that depicts a chaotic and fiery scene, possibly portraying a historical event in New Orleans between April 24 and May 1, 1862. The foreground shows various ships, some of which are ablaze, along a river or port area. The background features buildings and structures, also engulfed in flames or emitting smoke, hinting at a widespread conflagration. Dark, ominous clouds of smoke fill the sky above the fiery scene. ""New Orleans April 24-May 1, 1862"" is written across the top of the stamp, and the word ""Forever"" is positioned in the bottom right corner, indicating that this is a Forever stamp, which is used for mailing indefinitely without regard to changes in postage rates. The artwork is vivid with an intense use of color, primarily in shades of orange, yellow, and dark blue, evoking the fiery destruction and chaos of the depicted event."
p1_4665_36,img/p1_4665_36.jpg,"This image depicts a U.S. postage stamp. The stamp has the word ""FOREVER"" at the top, indicating its value for mailing a one-ounce letter anytime in the future regardless of price changes. The stamp features a vibrant and dynamic artwork, likely representing a historical battle scene. The main scene in the artwork shows several figures, including soldiers and horses, set against a smoky, chaotic battlefield backdrop. Some soldiers are engaged in combat, and others appear fallen on the ground.

The artwork is vivid, utilizing a palette of earth tones that convey movement and energy. On the left and right margins of the stamp, flanking the central image, are two flags, possibly historical or military flags, adding to the commemorative and significant nature of the scene depicted.

At the bottom of the stamp, there's text that reads ""USA"", indicating the country of origin, and a specific date, ""September 17, 1862"", suggesting this stamp may commemorate a specific historical event on this date. The design also involves elements like smoke, suggesting the tumultuous atmosphere of the event represented."
p1_4666_34,img/p1_4666_34.jpg,"The image depicts a postage stamp from the United States. The stamp has a scalloped border, typical of many commemorative U.S. stamps. On the stamp, there is a portrait of a smiling man in a suit and tie. The background of the portrait is a soft, muted green. Above the portrait, the name ""JOSE FERRER"" is written in uppercase letters. Below the portrait, it reads ""Actor"" in smaller font, and at the bottom of the stamp, the words ""USA FOREVER"" are printed, indicating that the stamp is a Forever stamp, which can be used to mail a one-ounce letter regardless of when the stamp is purchased or used. The overall design is simple and elegant, with a focus on the individual represented."
p1_4667_30,img/p1_4667_30.jpg,"This image appears to be a depiction of a Louisiana state license plate. The plate features a vivid and picturesque scene set against a sunset backdrop. Tall, slender trees, possibly cypress, are silhouetted against the sky which transitions in color from a warm gold to deep blues. Below the trees, water reflecting the sunset's colors enhances the serene, natural beauty of the scene. The year ""1812"" and the name ""LOUISIANA"" are prominently displayed, denoting the year of Louisiana’s statehood. The upper part of the plate also contains “USA” at the top, suggesting its American identity. The entire scene is framed within the standard license plate dimensions, with the background colors and elements carefully chosen to represent the unique landscape and heritage of Louisiana."
p1_4668-71_43,img/p1_4668-71_43.jpg,"The image features a series of four colorful postage stamps, each depicting a famous film director from classic Hollywood. Here's the breakdown:

1. **John Ford** - The first stamp on the left portrays John Ford, seen in profile with a reddish background. He is depicted wearing a typical director's eyepiece around his neck and a cowboy hat, indicating his famous association with Western films. The visuals behind and next to him include a desert scene and what might be a silhouette of a cowboy, complementing his genre of choice.

2. **Frank Capra** - The second stamp shows Frank Capra in a side profile against a green and blue background. He appears contemplative and is dressed in a formal suit and tie. Behind him, there are elements that suggest classic, inspirational settings, possibly referencing his iconic films that often emphasized American ideals and the human spirit.

3. **Billy Wilder** - This stamp features Billy Wilder, facing slightly towards the viewer. The background is an amalgamation of pink, purple, and light blue. Wilder is portrayed wearing glasses and a suit with a tie. The imagery in the background includes city buildings and a film reel, hinting at his prowess in urban and sophisticated comedic and dramatic tales.

4. **John Huston** - On the far right, John Huston is depicted wearing a hat and glasses, set against a teal and orange background. His face shows a pensive expression. The background elements suggest adventure and exotic locales, resonating with some of his adventurous film undertakings.

Each stamp has the director's name printed at the bottom, and a face value in the upper left corner, symbolizing its identity as a postage stamp dedicated to celebrating these iconic filmmakers. The artwork uses vibrant colors and stylized representations, capturing the essence of each director’s cinematic focus."
p1_4673-76_42,img/p1_4673-76_42.jpg,"The image shows four postage stamps arranged in a 2x2 grid. Each stamp features an illustration of the American flag waving in the breeze. The stamps are labeled respectively with the words ""Freedom Forever,"" ""Liberty Forever,"" ""Equality Forever,"" and ""Justice Forever"" in bold letters. Below these words, the label ""USA"" is clearly visible on each stamp, indicating the country of issue. The word ""Forever"" suggests these stamps hold permanent value, meaning they can be used indefinitely to mail items regardless of subsequent postage rate changes. The overall theme represented by the stamps emphasizes core American values: freedom, liberty, equality, and justice. The design is patriotic, using a color palette predominantly consisting of red, white, and blue, reflecting the colors of the American flag."
p1_4682-86_38,img/p1_4682-86_38.jpg,"This image is a depiction of a postage stamp. The stamp is bright yellow in background color and features a vibrant red Aloha shirt. The shirt showcases a floral pattern predominated by shades of red and green, evoking a distinctly tropical feel. At the top left of the stamp, the text ""USA"" is printed in white, while a numerical value ""32"" is displayed in the top right corner, suggesting this is a 32-cent stamp. Below the Aloha shirt, the word ""ALOHA"" is written in large, playful white letters against the yellow background. This stamp was likely issued to celebrate Hawaiian culture or as part of a series featuring iconic American clothing styles."
p1_4682-86_39,img/p1_4682-86_39.jpg,"The image appears to be a colorful postage stamp from the USA, featuring a design of an Aloha shirt. The shirt is vividly decorated with tropical patterns, primarily in shades of blue and green, and includes floral motifs that are typical of traditional Hawaiian clothing. The design is detailed with a symmetrical layout, featuring flowers and leaves.

At the top of the stamp, the text ""USA"" is visible, and the value of the stamp, ""32"", is printed on the upper left side, denoting it as a 32-cent stamp. Across the bottom, the word ""ALOHA"" is prominently displayed in yellow letters against a green background, emphasizing the Hawaiian theme. The background of the stamp is a lighter shade of yellow, giving it a sunny, cheerful ambiance."
p1_4682-86_40,img/p1_4682-86_40.jpg,"This is an image of a postage stamp from the United States, valued at 32 cents. The stamp features a vibrant and colorful illustration of an Aloha shirt, a style of shirt commonly associated with Hawaiian fashion. The shirt depicted has a vivid, multicolored pattern that includes large abstract and tropical motifs.

The background of the stamp is yellow, enhancing the bright and cheerful appearance of the shirt. Below the shirt, the word ""ALOHA"" is prominently displayed in large, bold, white letters, set against a vibrant red background. This text not only emphasizes the Hawaiian theme but also adds a welcoming and friendly touch, as ""Aloha"" is a Hawaiian greeting.

Overall, the stamp conveys a sense of tropical warmth and Hawaiian cultural identity, likely intended to celebrate or commemorate Hawaiian culture or tourism through the distinctive and iconic Hawaiian Aloha shirt."
p1_4682-86_41,img/p1_4682-86_41.jpg,"The image displays a vibrant and colorful Hawaiian shirt, set against a yellow background with a textural effect that resembles aged paper. The Aloha shirt features a lush tropical pattern dominated by green foliage and red and white floral elements, which may be hibiscus flowers, commonly associated with Hawaii. The shirt's design includes a buttoned front and a collar typical of casual Hawaiian attire.

Above the shirt are the letters ""USA"" in an italic, bold typeface, suggesting an American context, possibly indicating its origin or the market for which it is intended. Adjacent to this is the number ""32"", which might refer to a specific model, series, or catalog number for the shirt. Below the shirt, the word ""ALOHA"" is prominently displayed in a bold, yellow block lettering encircled with a darker outline. The term ""Aloha"" is not only a greeting in Hawaiian but also embodies a spirit of harmony, affection, and mutual respect.

Overall, the image captures a festive and tropical essence, likely used to invoke a feeling of Hawaiian leisure and culture."
p1_4691_31,img/p1_4691_31.jpg,"This image appears to be a postage stamp designed with a theme celebrating scouting. The main feature of the design is a creatively layered graphic that uses silhouettes and nature-inspired motifs. A central figure, depicted in a darker silhouette, is a scout walking with a backpack and a walking stick. This figure is set within the silhouette of what seems to be a larger person's profile, suggesting a sense of nurturing or guidance, which aligns with scouting principles.

The background shows a serene nature scene featuring pine trees under a light blue sky. Above this, there are words in bold white text that read ""FOREVER"" at the top and ""SCOUTING"" at the bottom, indicating that this stamp might be used for permanent postage (""Forever"" stamps in the U.S. are postage stamps that can be used to mail First-Class letters irrespective of when the stamps are bought or used and no matter how prices may change in the future). The overall design is clean and evocative, strongly playing on themes of nature, adventure, and guidance associated with scouting."
p1_4692_32,img/p1_4692_32.jpg,"The image is designed to resemble a postage stamp featuring a black-and-white photograph of Edith Piaf, a famous French singer. Piaf is captured in a dynamic pose, wearing a dark outfit and gloves. She seems to be in mid-performance, tilting her body back slightly with her head turned upward and to the side, her mouth open as if singing passionately. Her expression conveys intensity and emotion.

The stamp itself has a dark greenish hue, framing Piaf's image with a serrated border typical of postage stamps. The name ""EDITH PIAF"" is prominently displayed in capitalized, bold white letters at the bottom of the stamp. The overall design is simple yet striking, focusing purely on the evocative image of the artist."
p1_4693_33,img/p1_4693_33.jpg,"The image depicts a postage stamp featuring an iconic image of jazz musician Miles Davis. On the stamp, he's shown playing a trumpet, wearing a sleeveless shirt and pants. His posture is dynamic, with his head tilted slightly back and to his left; his eyes are closed in deep concentration or emotion as he plays. The background of the stamp is a plain solid teal color, which highlights the subject effectively. The name ""MILES DAVIS"" is printed at the bottom in capitalized white letters, and the upper right corner appears to have the postal denomination, though it's not clearly visible in the image. The border of the stamp is serrated, typical of postage stamps."
p1_4694-97_44,img/p1_4694-97_44.jpg,"The image displays four rectangular postage stamps lined up horizontally. Each stamp features an American baseball player captured in a mid-action pose, presumably in the middle of a game. 

1. The first stamp on the left shows Ed Walsh, a right-handed pitcher, in the middle of a pitch, wearing a white and dark-colored vintage-style baseball uniform.

2. The second stamp features Bob Gibson, wearing a red cap and a uniform with a blue element, also in a pitching motion.

3. The third stamp displays Willie Stargell, who is captured in a yellow and green outfit. He appears to be swinging a baseball bat.

4. The last stamp on the right depicts Ted Williams, also in mid-swing, wearing a white and green uniform, with a focus on his intense expression.

Each stamp has a green textured background with ""USA"" and a first-class mail denomination printed in white text. The names of the players are also included in white text at the top of each stamp. Collectively, these stamps celebrate some iconic figures in baseball history, emphasizing the action and intensity of the sport."
p2_4698-4701_45,img/p2_4698-4701_45.jpg,"This image is a vertical arrangement of four colorful stamps, each dedicated to a different dancer or choreographer, represented with vibrant illustrations that capture distinct dance poses and styles.

1. **Isadora Duncan** (top stamp): The illustration shows the dancer in a flowing pink and white garment, surrounded by a soft pastel green and blue background. Her dance movement is fluid, suggesting grace and freedom that was characteristic of Duncan's style.

2. **José Limón** (second stamp): This stamp uses a dramatic red and orange background to enhance the dynamic pose of José Limón, who is depicted in a sharp, angular dance stance. He wears a simple, bright green outfit, and his movement conveys intensity and emotion.

3. **Katherine Dunham** (third stamp): Set against a green backdrop, Katherine Dunham is illustrated in a lively dance pose, wearing a white outfit adorned with a bright orange sash, capturing her contribution to and influence in African-American dance forms.

4. **Bob Fosse** (bottom stamp): This stamp features a lively purple background. Bob Fosse is shown with his iconic hunched posture, wearing a stylish dark hat and a blue suit, indicative of his distinctive style in choreography known for precise, stylized movements and isolation.

Each stamp includes the name of the dancer/choreographer and the word ""FOREVER"", indicating that these are Forever stamps used in the United States postal system, meant to honor these pivotal figures in dance."
p2_4702_47,img/p2_4702_47.jpg,"The image is a cover of a book by Edgar Rice Burroughs titled ""Tarzan the Magnificent."" The cover art is striking and features a large, stylized portrait of an elderly man with a solemn expression. His face appears thoughtful, with deep-set eyes and prominent features including a distinct, bald head. Offset against this picture, in a more dynamic pose, is an illustration of Tarzan himself. Tarzan is depicted in a classic pose often associated with his character: muscular, in a crouching position, and wearing only a loin cloth. He appears ready for action, with an intense look and his body angled as if he is stepping forward from a vine or a branch.

The background features a surreal, overlaid texture of green, giving a sense of a jungle atmosphere, which is a common setting in Tarzan novels. The vivid and contrasting colors used for the illustrations, including greens, blues, and flesh tones, catch the eye and evoke the lush, wild settings typical in Burroughs’ stories.

The text is prominently placed at the top and bottom of the cover. ""Edgar Rice Burroughs,"" the author’s name, is at the top in large, serif font while the title, ""Tarzan the Magnificent,"" is at the bottom in a similarly styled typeface. Both text elements are set against slightly darker backgrounds to enhance readability against the intricate cover illustration."
p2_4703_46,img/p2_4703_46.jpg,"This image features a postage stamp depicting the USS Constitution, a famous American naval frigate known as ""Old Ironsides."" The stamp is designed with vibrant, watercolor-like effects, primarily in shades of green and blue. On the stamp, the ship is shown sailing on the sea with its sails fully unfurled. The image captures the dynamic movement of the sea and the ship's majestic presence.

At the bottom of the stamp, there is text that reads ""USA"" followed by ""FOREVER"" indicating its value for postage use. Above the ship, the text ""USS CONSTITUTION"" and ""The War of 1812"" are prominently displayed, contextualizing the historical significance of the ship. Additionally, there is a small bird flying in the sky above the ship, adding a sense of scale and life to the scene."
p2_4704_49,img/p2_4704_49.jpg,"The image shows a Purple Heart medal, a military decoration awarded in the name of the President of the United States to those wounded or killed while serving with the U.S. military. At the top of the medal, there is a purple ribbon attached to a gold bar with the word ""FOR MILITARY MERIT"" inscribed on it. Below this ribbon, the medal itself is heart-shaped, with a gold border and a rich purple center. In the center, there is a profile of George Washington beneath his coat of arms—an image of Washington's ancestral coat with a white shield with two red bars and three red stars at the top—set against a white background. Along the edge of the medal, the words ""PURPLE HEART"" can be seen at the top and ""USA"" at the bottom."
p2_4705_50,img/p2_4705_50.jpg,"This image is a postage stamp featuring the famed American short story writer O. Henry. The stamp reads ""FOREVER USA"" on the left side, indicating its value as a Forever stamp, which can be used to mail a one-ounce letter regardless of when the stamp is purchased or used.

The central part of the stamp depicts a portrait of O. Henry, who appears as a middle-aged Caucasian man with a mustache and light-colored hair. He is dressed in a formal outfit from around the late 19th or early 20th century, featuring a light-colored collared shirt and a darker overcoat or suit.

In the background, behind his portrait, there's an illustration showing a cityscape with buildings, which may represent scenes related to the urban settings often featured in O. Henry's stories. The painterly style of the background provides a contrast to the more detailed and realistic depiction of Henry himself.

The overall design and colors of the stamp are muted with predominantly green and beige tones, giving it a vintage and classic look befitting the historical literary figure it represents."
p2_4706-09_51,img/p2_4706-09_51.jpg,"The image depicts a United States postage stamp. The stamp features a waving American flag with its characteristic stripes and a field of white stars set against a blue background in the upper-left corner. Above the flag, the letters ""USA"" appear in the top left corner, which is the country representation for the United States of America.

Beneath the flag, the word ""Liberty"" is prominently displayed in a bold, serif font, followed by ""Forever"" in a smaller, slightly different serif font. The text suggests that the stamp was issued to symbolize the enduring concept of liberty in the U.S. The term ""Forever"" on U.S. stamps indicates that the stamp can be used to mail a one-ounce letter regardless of when the stamp is used or what the current postal rate might be.

The overall presentation is patriotic, focusing on key American symbols and ideals such as the flag and liberty."
p2_4706-09_52,img/p2_4706-09_52.jpg,"The image features a postage stamp from the USA, which has a design focusing on the theme of ""Equality Forever."" Prominently displayed is an American flag, waving and depicted in its traditional colors of red, white, and blue, with white stars on a blue background and horizontal red and white stripes. Below the flag, the word ""Equality"" is written in large, black serif font, and directly beneath it, the word ""Forever"" in slightly smaller font. At the bottom right corner of the stamp, the postage value of ""Forever"" is indicated which means this stamp can be used to mail a standard first-class letter regardless of when the stamp was purchased. The background of the stamp has a roughly textured appearance, possibly mimicking paper, enhancing the overall vintage feel of the design. The top left corner also includes the country name ""USA."""
p2_4710_54,img/p2_4710_54.jpg,"This image is a collection of 15 stamps titled ""Earthscapes,"" likely from the United States Postal Service, presented in a three-by-five grid. Each stamp features an aerial or satellite photograph highlighting diverse landscapes and activities. The stamps include diverse scenes such as natural formations, agriculture, urban areas, and other infrastructural elements. 

Here's a closer description from top left to bottom right:

- Top row, from left to right:
  1. Coastal area with water bodies in deep blue, possibly showing river branches or islands.
  2. A swirl-like geological formation in gray and white, which could be a hurricane view from space.
  3. A colorful geometric display, possibly thermal imaging or a map showing various climate zones.
  4. A satellite image showing vibrant blue and green possibly indicative of a thermal or elevation map.
  5. An intriguing mix of dark and light blue swirls, which could depict ocean currents or sediment transportation in water.

- Second row, from left to right:
  6. A highway or a road in a curvy formation cutting through a pinkish-red area.
  7. Green serpentine bodies of water surrounded by darker areas, possibly showing rivers in a dense forest.
  8. A neon-green cluster with a white cross, likely highlighting a specific type of crop or plantation.
  9. Red imagery that might depict heat maps or dense urban areas.
  10. An abstract mix of squares in different patterns and colors depicting a planned cityscape or housing blocks.

- Third row, from left to right:
  11. Agricultural fields in varying patterns of green and yellow, showcasing different crops or harvesting stages.
  12. A circular pattern in orange and green that might suggest a sports stadium or similar structure.
  13. Rows of yellow-tinted fields, possibly showing a different crop variety or farm.
  14. A road network with interlinked circles and semi-circles on an orange background, possibly a transportation or industrial hub.
  15. Narrow, linear structures perhaps depicting roads amidst tall buildings or skyscrapers in a city grid.

These stamps showcase the art and science of aerial photography, representing various aspects of earth's geography and human activities as seen from above. Each stamp also includes the word ""FOREVER"" and ""USA,"" indicating their use for postage and their origin from the United States."
p2_4711_48,img/p2_4711_48.jpg,"This is an image of a Christmas-themed postage stamp. The stamp features a vibrant depiction of a starry sunset or sunrise with orange and red hues dominating the background. The central image shows two silhouetted figures on animal-back, likely representing Mary and Joseph traveling to Bethlehem. Above them shines a large, bright star, possibly representing the Star of Bethlehem.

The design has a festive ambiance, appropriate for the Christmas season, the word ""Christmas"" prominently displayed at the bottom. The perforated edges are typical of postage stamps. The upper right corner reads “USA” and includes what appears to be the stamp’s face value, though it is not fully legible. This stamp appears to be designed for use in the United States, commemorating the holiday season with a traditional biblical scene."
p2_4712-15_58,img/p2_4712-15_58.jpg,"The image depicts a colorful illustration of a winter scene on a postage stamp. It features a landscape with four houses surrounded by snow. Each house is distinct in color: one is white, another yellow, the third is red, and the fourth carries a warm, pale ochre tone. The houses have various roof styles, covered in snow, emphasizing a chilly winter atmosphere. Around the houses, there are scattered snow-covered pine trees, adding to the seasonal vibe. Above the scene, the sky is portrayed in a light blue color with stylized snowflakes and a single large, leafless tree on the left side.

In the foreground, at the bottom of the stamp, the word ""USA"" is printed on the left in light blue font, followed by the word ""FOREVER"" on the right, indicating the stamp's value. This suggests it is a ""Forever"" stamp, which can be used to mail a one-ounce letter regardless of when the stamp is bought or used and no matter how prices may change in the future. A small artist's marking or signature is present on the right side at the bottom edge. The overall aesthetic is quaint and picturesque, typical of holiday-themed stamps."
p2_4712-15_59,img/p2_4712-15_59.jpg,"This image depicts a U.S. postage stamp with a vibrant and festive holiday theme. It features a team of four reindeer in mid-leap, colored in a dynamic shade of orange. The reindeer are decorated with intricate blue harnesses, and snowflakes gently falling around them are visible against the pale blue sky. In the background, there is a part of a snowy landscape with a single dark green fir tree and a traditional red mailbox covered with snow on the top. The box lid is adorned with a snowflake motif.

The stamp clearly displays the text ""USA"" and ""FOREVER"" at the bottom left, indicating its value for postage, which does not expire. The artistic style is lively and colorful, evoking a sense of winter cheer and holiday spirit."
p2_4717-20_55,img/p2_4717-20_55.jpg,"The image depicts a USA five-dollar postage stamp. The design is rather modern and abstract, featuring waves of vibrant orange and red hues that create a sense of movement across the stamp. The color gradient transitions from a deep red to a bright orange. A large white numeral ""5"" is prominently displayed in the bottom right corner, which indicates the denomination of the stamp. Additionally, the text ""FIVE DOLLARS"" and ""USA"" appear in white, enhancing the visual impact against the colorful background. The stamp has a traditional perforated edge typical of postage stamps. The overall design is sleek and artistic, making it stand out as a collector's item or for use on special correspondence."
p2_4721_56,img/p2_4721_56.jpg,"This image features a vintage-looking poster that commemorates the Emancipation Proclamation issued by Abraham Lincoln in 1863. The background color is off-white and the text is printed in a bold, rustic-looking font, predominantly in shades of red and maroon. 

The top portion of the poster states, ""Henceforward Shall Be Free"" in large, bold letters. Below this, spread across the middle of the poster, the words ""Emancipation Proclamation"" are prominently displayed. The name ""Abraham Lincoln"" is mentioned at the bottom of this segment. 

The poster is bordered with embellishments and an elaborate frame-like design, adding to its historical and commemorative look. The date ""1863"" is also featured at the very bottom, along with the phrase ""Forever - USA,"" indicating the lasting impact and national significance of this proclamation in United States history."
p2_4722-25_53,img/p2_4722-25_53.jpg,"The image displays a series of four artistic designs that resemble colorful, patterned flowers or mandalas, placed side by side. Each design is contained within a white square backdrop, and they all have a geometric, symmetrical appearance indicative of kaleidoscopic art. Below each design, there is text that appears to say ""USA"" followed by two digits which are readable as ""46"" on all except possibly the second one which isn't clearly visible.

1. The first design on the left features a blend of blue, orange, yellow, and white hues. The pattern suggests multiple layers with petal-like shapes radiating outward, accentuated by dark blue tips and orange centers. There is a noticeable star-shaped blue and yellow central motif.

2. Moving to the second design, it showcases vibrant green and magenta tones with elements of white. Similar to the first, the pattern is layered with petal-like formations and a compact, star-like core, predominantly magenta.

3. The third design mirrors the second in pattern but switches the main colors to lighter shades of green and pink, offering a softer appearance.

4. The final design on the right returns to a bolder color scheme but differs in pattern complexity, featuring red as the dominant color, accented with blue, white, and a hint of yellow. The petals are sharply defined, with a solid red border and an intricate, multi-colored central area.

Each pattern represents a meticulous, radial symmetry that creates a sense of balance and uniformity across the designs. The tags beneath potentially indicate a cataloging or classification system, possibly a form of artistic series or collection."
p2_4726_57,img/p2_4726_57.jpg,"The image showcases a colorful and artistically designed U.S. postage stamp. The principal design of the stamp is a group of red firecrackers, which are depicted with a vivid, almost real-life quality. The firecrackers are positioned slightly spread out, set against a dreamy, soft-focus background that has a gentle gradient from a pale blue at the top to a light creamy color at the bottom. 

Along with the red firecrackers, there are sprinkles of small hearts and stars in red and yellow scattered across the image, adding a joyful and festive vibe. In the top left corner is an elaborate, Asian-inspired gold emblem, adding an element of elegance and cultural significance to the design, possibly hinting at celebrations like Lunar New Year.

The word ""USA"" appears in bold, prominent letters at the bottom left of the stamp, and the word ""FOREVER"" is similarly styled and located at the bottom right, indicating that the stamp has a value equal to the current standard first-class mail rate and can be used perpetually. The overall theme and design elements suggest the stamp may be intended for celebratory occasions or festive correspondence."
